text,emoji
"Woke up to my cat sitting on my face.",ğŸ±ğŸ˜¾ğŸ˜´
"Finally finished that 1000-page novel!",ğŸ“šğŸ‰ğŸ˜®â€ğŸ’¨
"Spilled salsa on my white shirt at the party.",ğŸ…ğŸ‘”ğŸ˜«
"Got a flat tire in the middle of nowhere.",ğŸš—ğŸ’¥ğŸ˜¤
"Sunrise yoga on the beach was magical.",ğŸ§˜â€â™€ï¸ğŸŒ…âœ¨
"Locked myself out of the house... again.",ğŸ”‘ğŸšªğŸ˜©
"Found $20 in my old jeans pocket!",ğŸ‘–ğŸ’°ğŸŠ
"Burnt popcorn at the office microwave.",ğŸ¿ğŸ”¥ğŸ˜…
"First snow of the year! So cozy inside.",â„ï¸ğŸ â˜•
"Lost my phone in an Uber... panic mode.",ğŸ“±ğŸš—ğŸ˜±
"Won third place in the pie contest!",ğŸ¥§ğŸ†ğŸ˜‹
"Babyâ€™s first steps! Best moment ever.",ğŸ‘¶ğŸ¦¶â¤ï¸
"Power outage during my favorite show.",ğŸ“ºâš¡ğŸ˜ 
"Accidentally liked a 5-year-old post.",ğŸ“±ğŸ˜³ğŸ¤¦â€â™€ï¸
"Car wash ruined my new wax job.",ğŸš—ğŸ’¦ğŸ˜­
"All-night gaming session with friends.",ğŸ®ğŸŒ™ğŸ˜µ
"Forgot my momâ€™s birthday... again.",ğŸ‚ğŸ˜¬ğŸ“…
"Caught in a downpour without a jacket.",â˜”ğŸ˜«ğŸŒ§ï¸
"Tried making sushi... it was a disaster.",ğŸ£ğŸ¤¢ğŸ”ª
"Found the perfect vintage record!",ğŸµğŸ’¿ğŸ˜
"Surprise proposal at the Eiffel Tower!",ğŸ—¼ğŸ’ğŸ¥¹
"Microwave exploded my leftovers.",ğŸ²ğŸ’¥ğŸ˜¨
"Got stuck in an elevator for an hour.",ğŸ›—ğŸ˜°ğŸ†˜
"Painted my room... itâ€™s neon pink now.",ğŸ¨ğŸ–Œï¸ğŸ˜³
"First time skydivingâ€”pure adrenaline!",ğŸª‚ğŸ˜±ğŸ¯
"Broke my phone screen... again.",ğŸ“±ğŸ’”ğŸ˜¤
"Made a soufflÃ©... it actually worked!",ğŸ®ğŸ‘©â€ğŸ³ğŸ‰
"Airport lost my luggage. Again.",âœˆï¸ğŸ§³ğŸ˜¡
"Toddler drew on the walls with marker.",ğŸ‘¶ğŸ–ï¸ğŸ˜«
"Hit Reply All by mistake... cringe.",ğŸ“§ğŸ˜³ğŸ¤¦â€â™‚ï¸
"Caught my dog eating my homework.",ğŸ•ğŸ“šğŸ˜…
"Won a free trip to Bali!",ğŸï¸âœˆï¸ğŸŠ
"Forgot to save my 10-page document.",ğŸ’»âŒ›ğŸ˜±
"Got a promotion! Celebratory drinks!",ğŸ¥‚ğŸ’¼ğŸ‰
"Bought concert tickets... wrong date.",ğŸŸï¸ğŸ“…ğŸ˜­
"Baby spit-up on my new blazer.",ğŸ‘¶ğŸ‘”ğŸ¤¢
"Tried DIY haircut... itâ€™s uneven.",âœ‚ï¸ğŸ‘©â€ğŸ¦²ğŸ˜¬
"Found my childhood teddy in the attic.",ğŸ§¸ğŸ ğŸ¥¹
"Broke a heel before the big meeting.",ğŸ‘ ğŸ’”ğŸ˜¤
"Woke up with a terrible cold.",ğŸ¤’ğŸ§»ğŸ˜·
"First date went surprisingly well!",ğŸ’‘ğŸ·ğŸ˜Š
"Left my wallet at the restaurant.",ğŸ‘›ğŸ½ï¸ğŸ˜©
"Got a parking ticket on my day off.",ğŸš—ğŸ“ğŸ˜¡
"Baked cookies for the officeâ€”gone in 5 mins.",ğŸªğŸ‘¨â€ğŸ’¼ğŸ˜‹
"Phone died during navigation.",ğŸ“±ğŸ—ºï¸ğŸ˜«
"Surprise birthday cake at work!",ğŸ‚ğŸ‰ğŸ¥³
"Pigeon pooped on my new coat.",ğŸ¦ğŸ§¥ğŸ˜ 
"Got a handwritten letterâ€”so rare!",âœ‰ï¸ğŸ“¬ğŸ¥°
"Forgot my lines in the school play.",ğŸ­ğŸ˜³ğŸ¤
"Caught in a lie about my cooking skills.",ğŸ‘©â€ğŸ³ğŸ¤¥ğŸ˜…
"Found a $100 bill on the sidewalk.",ğŸ’°ğŸ‘ŸğŸ‰
"Toddler locked me out of the bathroom.",ğŸšªğŸ‘¶ğŸ˜¤
"Won a karaoke contestâ€”badly.",ğŸ¤ğŸ†ğŸ˜†
"Spilled red wine on the carpet.",ğŸ·ğŸŸ¥ğŸ˜±
"First time riding a horse... loved it!",ğŸğŸ¤ â¤ï¸
"Lost my wedding ring in the ocean.",ğŸ’ğŸŒŠğŸ˜­
"Got a speeding ticket on vacation.",ğŸš—ğŸ“ğŸ˜¤
"Made a perfect latte art heart!",â˜•â¤ï¸ğŸ‘
"Boss praised my presentationâ€”relief!",ğŸ‘”ğŸ“ŠğŸ˜Œ
"Forgot my anniversary... sleeping on couch.",ğŸ’”ğŸ›‹ï¸ğŸ˜¬
"Found my missing AirPods in the fridge.",ğŸ§â„ï¸ğŸ˜…
"Toddler fed my phone to the dog.",ğŸ“±ğŸ•ğŸ˜«
"Got upgraded to first class!",âœˆï¸ğŸ¥‚ğŸ‰
"Left the stove on all day.",ğŸ”¥ğŸ‘©â€ğŸ³ğŸ˜¨
"Won a giant teddy at the carnival.",ğŸ§¸ğŸ¡ğŸ˜Š
"Tripped in public... classic.",ğŸ‘ŸğŸ˜³ğŸ¤¦â€â™€ï¸
"Got caught singing in the shower.",ğŸ¤ğŸš¿ğŸ˜†
"Found a hidden gem of a bookstore.",ğŸ“šğŸ¡ğŸ˜
"Burned my tongue on hot pizza.",ğŸ•ğŸ‘…ğŸ˜«
"First time skiing... lots of falls.",â›·ï¸ğŸ¤•ğŸ˜…
"Lost my passport before the flight.",ğŸ›‚âœˆï¸ğŸ˜±
"Got a handwritten thank-you note.",âœ‰ï¸ğŸ“ğŸ¥¹
"Forgot to mute during a work call.",ğŸ™ï¸ğŸ¤«ğŸ˜³
"Toddler put my keys in the toilet.",ğŸ”‘ğŸš½ğŸ˜¤
"Woke up to a flooded kitchen.",ğŸ’¦ğŸ ğŸ˜«
"Found a four-leaf clover! Luck is coming.",â˜˜ï¸ğŸ€ğŸ˜Š
"Broke a nail before the photoshoot.",ğŸ’…ğŸ“¸ğŸ˜ 
"Got a free dessert for my birthday.",ğŸ°ğŸ‚ğŸ¥³
"Left my lunch in the breakroom fridgeâ€”gone.",ğŸ±ğŸ‘€ğŸ˜¤
"Tried meditation... fell asleep.",ğŸ§˜â€â™€ï¸ğŸ˜´ğŸ’¤
"Found my old diaryâ€”so cringe!",ğŸ“”ğŸ˜³ğŸ¤¦â€â™‚ï¸
"Got a perfect score on the test!",ğŸ“ğŸ’¯ğŸ‰
"Spilled glitter everywhere... forever.",âœ¨ğŸ˜«ğŸ§¹
"First time scuba divingâ€”amazing!",ğŸ¤¿ğŸŒŠğŸ˜
"Lost my luggage at the airport.",âœˆï¸ğŸ§³ğŸ˜¡
"Got a surprise bonus at work!",ğŸ’°ğŸ’¼ğŸŠ
"Forgot my best friendâ€™s baby shower.",ğŸ‘¶ğŸğŸ˜¬
"Found a vintage typewriter at a flea market.",âŒ¨ï¸ğŸºğŸ˜Š
"Burned dinner while on Zoom.",ğŸ³ğŸ’»ğŸ˜…
"Won a raffle for a spa day!",ğŸ’†â€â™€ï¸ğŸ«âœ¨
"Tripped over my own shoelaces.",ğŸ‘ŸğŸ˜µğŸ¤¦â€â™€ï¸
"Got a handwritten love letter.",ğŸ’Œâœï¸ğŸ¥°
"Left my coffee on the roof of the car.",â˜•ğŸš—ğŸ’¨
"Toddler painted the dog... with nail polish.",ğŸ•ğŸ’…ğŸ˜±
"Woke up to a spider on my face.",ğŸ•·ï¸ğŸ˜«ğŸ›ï¸
"Found $5 in last winterâ€™s coat.",ğŸ§¥ğŸ’°ğŸ˜Š
"Broke a wine glass during the toast.",ğŸ·ğŸ’”ğŸ˜…
"First time ice skatingâ€”so many falls.",â›¸ï¸ğŸ¤•ğŸ˜†
"Lost my voice before the presentation.",ğŸ—£ï¸âŒğŸ˜©
"Got a standing ovation for my speech!",ğŸ‘ğŸ¤âœ¨
"Forgot to buy milk... again.",ğŸ¥›ğŸ˜¤ğŸ›’
"Found my childhood comic collection.",ğŸ“šğŸ¦¸â€â™‚ï¸ğŸ¥¹
"Burnt the toast and set off the smoke alarm.",ğŸğŸ”¥ğŸš¨
"Won a free year of Netflix!",ğŸ“ºğŸ‰ğŸ¿
"Spilled ink on my favorite shirt.",ğŸ–‹ï¸ğŸ‘”ğŸ˜«
"First time bungee jumpingâ€”terrifying!",ğŸª‚ğŸ˜±ğŸ¢
"Lost my sunglasses at the beach.",ğŸ•¶ï¸ğŸ–ï¸ğŸ˜¤
"Got a promotion and a corner office!",ğŸ’¼ğŸªŸğŸŠ
"Forgot my own phone number.",ğŸ“±ğŸ¤”ğŸ˜…
"Found a secret compartment in my old desk.",ğŸ—„ï¸ğŸ”ğŸ˜®
"Burned my hand on the oven mitt.",ğŸ‘‹ğŸ”¥ğŸ˜«
"Woke up late and missed the bus.",â°ğŸšŒğŸ˜¤
"Toddler hid the TV remote in the freezer.",ğŸ“ºâ„ï¸ğŸ˜†
"Got a perfect sunset photo.",ğŸŒ…ğŸ“¸ğŸ˜
"Left my umbrella in the taxi.",â˜”ğŸš–ğŸ˜©
"Found a rare vinyl at the thrift store.",ğŸµğŸ’¿âœ¨
"Broke a heel on the first date.",ğŸ‘ ğŸ’”ğŸ˜³
"First time kayakingâ€”so peaceful!",ğŸ›¶ğŸŒŠğŸ˜Œ
"Lost my luggage tag... chaos at baggage claim.",ğŸ§³ğŸ·ï¸ğŸ˜«
"Got a free upgrade on my hotel room!",ğŸ¨âœ¨ğŸ‰
"Forgot the lyrics during karaoke.",ğŸ¤ğŸ¤ğŸ˜†
"Found my missing earring in the vacuum.",ğŸ’ğŸ§¹ğŸ˜…
"Burned my tongue on hot coffee... again.",â˜•ğŸ‘…ğŸ˜«
"Won a weekend getaway in a contest!",ğŸï¸ğŸ«ğŸ¥³
"Spilled nail polish on the carpet.",ğŸ’…ğŸŸ¥ğŸ˜±
"First time zip-liningâ€”adrenaline rush!",ğŸª‚ğŸŒ²ğŸ˜ƒ
"Lost my favorite earrings at the club.",ğŸ’ğŸ¶ğŸ˜¤
"Got a handwritten note from my idol.",âœï¸ğŸŒŸğŸ¥¹
"Forgot to charge my laptop before the meeting.",ğŸ’»ğŸ”‹ğŸ˜©
"Found a $10 bill in the laundry.",ğŸ‘–ğŸ’°ğŸ˜Š
"Broke my glasses right before the movie.",ğŸ‘“ğŸ’”ğŸ˜«
"Woke up to my dog barking at nothing.",ğŸ•ğŸ¦®ğŸ˜…
"Toddler put my watch in the cereal box.",âŒšğŸ¥£ğŸ˜†
"Got a surprise visit from my best friend.",ğŸ‘¯â€â™€ï¸ğŸ‰â¤ï¸
"Left my groceries in the trunk... all day.",ğŸ›’ğŸš—ğŸ˜«
"Found my old Tamagotchiâ€”still works!",ğŸ®ğŸ‘¾ğŸ˜
"Burned the garlic bread to a crisp.",ğŸğŸ”¥ğŸ˜…
"Won a free dinner for two!",ğŸ½ï¸ğŸ«ğŸ¥‚
"Spilled foundation on my white blouse.",ğŸ’„ğŸ‘”ğŸ˜¤
"First time surfingâ€”wiped out a lot!",ğŸ„â€â™€ï¸ğŸŒŠğŸ˜†
"Lost my hotel key in the pool.",ğŸŠâ€â™€ï¸ğŸ”‘ğŸ˜«
"Got a last-minute ticket to the concert!",ğŸŸï¸ğŸ¤ğŸ‰
"Forgot my sunscreen... lobster mode.",â˜€ï¸ğŸ¦ğŸ˜«
"Found a hidden message in a library book.",ğŸ“–âœ‰ï¸ğŸ˜®
"Broke a plate while doing dishes.",ğŸ½ï¸ğŸ’”ğŸ˜…
"Woke up to a bird in my bedroom.",ğŸ¦ğŸ›ï¸ğŸ˜³
"Toddler fed my sandwich to the ducks.",ğŸ¥ªğŸ¦†ğŸ˜†
"Got a free dessert for no reason!",ğŸ°ğŸ‰ğŸ˜‹
"Left my headphones on the train.",ğŸ§ğŸš†ğŸ˜¤
"Found my old PokÃ©mon cardsâ€”worth $$$ now!",ğŸƒğŸ’°ğŸ˜
"Burned my finger on the curling iron.",ğŸ‘‹ğŸ”¥ğŸ˜«
"Won a raffle for a free massage!",ğŸ’†â€â™€ï¸ğŸ«âœ¨
"Spilled soy sauce on my pants.",ğŸ¶ğŸ‘–ğŸ˜…
"First time rock climbingâ€”so scary!",ğŸ§—â€â™€ï¸â›°ï¸ğŸ˜±
"Lost my favorite pen... devastated.",ğŸ–Šï¸ğŸ˜­ğŸ“
"Got a handwritten recipe from grandma.",ğŸ‘µğŸ“œğŸ¥¹
"Forgot my water bottle at the gym.",ğŸ’§ğŸ‹ï¸â€â™€ï¸ğŸ˜¤
"Found a $50 gift card in my drawer.",ğŸ’³ğŸ’°ğŸ˜Š
"Broke a shoelace mid-run.",ğŸ‘ŸğŸ’”ğŸ˜«
"Woke up to my cat bringing me a â€˜giftâ€™.",ğŸ±ğŸğŸ˜³
"Toddler drew on the dog with marker.",ğŸ•ğŸ–ï¸ğŸ˜†
"Got a free coffee from the barista.",â˜•ğŸ‰ğŸ˜Š
"Left my jacket at the restaurant.",ğŸ§¥ğŸ½ï¸ğŸ˜©
"Found my old diaryâ€”so embarrassing!",ğŸ“”ğŸ˜³ğŸ¤¦â€â™€ï¸
"Burned the grilled cheese... again.",ğŸ§€ğŸ”¥ğŸ˜…
"Won a free flight in a contest!",âœˆï¸ğŸ«ğŸŠ
"Spilled boba tea on my laptop.",ğŸ§‹ğŸ’»ğŸ˜±
"First time paraglidingâ€”unforgettable!",ğŸª‚ğŸŒ„ğŸ˜
"Lost my luggage at the train station.",ğŸš†ğŸ§³ğŸ˜¤
"Got a surprise day off work!",ğŸ’¼ğŸ‰ğŸ˜´
"Forgot my momâ€™s birthday... again.",ğŸ‚ğŸ“…ğŸ˜¬
"Found a vintage camera at a garage sale.",ğŸ“·ğŸºâœ¨
"Broke a nail opening a soda can.",ğŸ’…ğŸ¥¤ğŸ˜«
"Woke up to a power outage.",âš¡ğŸ•¯ï¸ğŸ˜©
"Toddler put my phone in the fish tank.",ğŸ“±ğŸ ğŸ˜†
"Got a free upgrade on my rental car!",ğŸš—âœ¨ğŸ‰
"Left my lunch in the office fridgeâ€”stolen.",ğŸ±ğŸ‘€ğŸ˜¡
"Found my childhood stuffed animal.",ğŸ§¸ğŸ ğŸ¥¹
"Burned the popcorn... again.",ğŸ¿ğŸ”¥ğŸ˜…
"Won a free pizza for a year!",ğŸ•ğŸ«ğŸ˜‹
"Spilled ketchup on my new shoes.",ğŸ…ğŸ‘ŸğŸ˜«
"First time snorkelingâ€”saw a sea turtle!",ğŸ¤¿ğŸ¢ğŸ˜
"Lost my earring in the sand.",ğŸ’ğŸ–ï¸ğŸ˜¤
"Got a handwritten apology note.",âœ‰ï¸ğŸ“ğŸ¥¹
"Forgot my wallet at the coffee shop.",ğŸ‘›â˜•ğŸ˜©
"Found a $20 bill in the parking lot.",ğŸ’°ğŸš—ğŸ˜Š
"Broke a wine glass during dinner.",ğŸ·ğŸ’”ğŸ˜…
"Woke up to my dog sleeping on my pillow.",ğŸ•ğŸ›ï¸ğŸ˜Š
"Toddler hid my keys in the toy box.",ğŸ”‘ğŸ§¸ğŸ˜†
"Got a free dessert for my anniversary.",ğŸ°ğŸ‰â¤ï¸
"Left my umbrella at the restaurant.",â˜”ğŸ½ï¸ğŸ˜«
"Found my old high school yearbook.",ğŸ“–ğŸ«ğŸ¥¹
"Burned the cookies... again.",ğŸªğŸ”¥ğŸ˜…
"Won a weekend spa retreat!",ğŸ’†â€â™€ï¸ğŸ«âœ¨
"Spilled coffee on my keyboard.",â˜•âŒ¨ï¸ğŸ˜±
"First time paddleboardingâ€”so fun!",ğŸ„â€â™€ï¸ğŸŒŠğŸ˜ƒ
"Lost my favorite hat at the beach.",ğŸ§¢ğŸ–ï¸ğŸ˜¤
"Got a surprise gift from a friend.",ğŸğŸ‘¯â€â™€ï¸ğŸ¥°
"Forgot to water my plants... again.",ğŸŒ±ğŸ’§ğŸ˜¬
"Found a rare coin in my change.",ğŸª™ğŸ’°ğŸ˜Š
"Broke a shoelace right before a run.",ğŸ‘ŸğŸ’”ğŸ˜«
"Woke up to a flat bike tire.",ğŸš²ğŸ’¥ğŸ˜¤
"Toddler put my socks in the toaster.",ğŸ§¦ğŸğŸ˜†
"Got a free appetizer at the restaurant.",ğŸ½ï¸ğŸ‰ğŸ˜‹
"Left my scarf on the bus.",ğŸ§£ğŸšŒğŸ˜©
"Found my old mixtapes from the 90s.",ğŸ“¼ğŸ¶ğŸ¥¹
"Burned the garlic... again.",ğŸ§„ğŸ”¥ğŸ˜…
"Won a free gym membership for a year!",ğŸ‹ï¸â€â™€ï¸ğŸ«âœ¨
"Spilled juice on my laptop.",ğŸ§ƒğŸ’»ğŸ˜±
"First time jet-skiingâ€”so fast!",ğŸ›¥ï¸ğŸŒŠğŸ˜ƒ
"Lost my bracelet at the park.",ğŸ“¿ğŸŒ³ğŸ˜¤
"Got a handwritten thank-you card.",âœ‰ï¸ğŸ“ğŸ¥°
"Forgot my lunch at home... again.",ğŸ±ğŸ ğŸ˜«
"Found a $100 bill in an old book.",ğŸ’°ğŸ“–ğŸ‰
"Broke a plate while unloading the dishwasher.",ğŸ½ï¸ğŸ’”ğŸ˜…
"Woke up to my cat meowing for food.",ğŸ±ğŸ½ï¸ğŸ˜¾
"Toddler hid my phone under the couch.",ğŸ“±ğŸ›‹ï¸ğŸ˜†
"Got a free upgrade on my flight!",âœˆï¸âœ¨ğŸŠ
"Left my gloves at the cafÃ©.",ğŸ§¤â˜•ğŸ˜©
"Found my old skateboard in the garage.",ğŸ›¹ğŸ ğŸ˜Š
"Burned the toast... again.",ğŸğŸ”¥ğŸ˜…
"Won a free dinner cruise!",ğŸš¢ğŸ½ï¸ğŸ‰
"Spilled wine on the white couch.",ğŸ·ğŸ›‹ï¸ğŸ˜±
"First time snowboardingâ€”so many falls!",ğŸ‚â„ï¸ğŸ¤•
"Lost my favorite lip balm.",ğŸ’„ğŸ˜¤ğŸ‘„
"Got a surprise party for my promotion!",ğŸ‰ğŸ’¼ğŸ¥³
"Forgot my sisterâ€™s graduation.",ğŸ“ğŸ“…ğŸ˜¬
"Found a vintage necklace at a flea market.",ğŸ“¿ğŸºâœ¨
"Broke a heel at the wedding.",ğŸ‘ ğŸ’”ğŸ˜«
"Woke up to a bird pooping on my car.",ğŸ¦ğŸš—ğŸ˜ 
"Toddler put my credit card in the DVD player.",ğŸ’³ğŸ“€ğŸ˜†
"Got a free dessert just because!",ğŸ°ğŸ‰ğŸ˜‹
"Left my jacket at the concert.",ğŸ§¥ğŸ¤ğŸ˜©
"Found my old Game Boyâ€”still works!",ğŸ®ğŸ‘¾ğŸ˜
"Burned the pancakes... again.",ğŸ¥ğŸ”¥ğŸ˜…
"Won a free hotel stay for a weekend!",ğŸ¨ğŸ«âœ¨
"Spilled soda on my laptop.",ğŸ¥¤ğŸ’»ğŸ˜±
"First time parasailingâ€”breathtaking!",ğŸª‚ğŸŒŠğŸ˜
"Lost my wallet at the mall.",ğŸ‘›ğŸ¬ğŸ˜¤
"Got a handwritten letter from my pen pal.",âœ‰ï¸ğŸ“ğŸ¥¹
"Forgot my headphones at the gym.",ğŸ§ğŸ‹ï¸â€â™€ï¸ğŸ˜«
"Found a $50 bill in my winter coat.",ğŸ§¥ğŸ’°ğŸ˜Š
"Broke a wine glass during the party.",ğŸ·ğŸ’”ğŸ˜…
"Woke up to my dog licking my face.",ğŸ•ğŸ‘…ğŸ˜Š
"Toddler hid my shoes in the garden.",ğŸ‘ŸğŸŒ±ğŸ˜†
"Got a free coffee for being a regular.",â˜•ğŸ‰ğŸ˜Š
"Left my scarf on the train.",ğŸ§£ğŸš†ğŸ˜©
"Found my old comic book collection.",ğŸ“šğŸ¦¸â€â™‚ï¸ğŸ¥¹
"Burned the garlic bread... again.",ğŸğŸ”¥ğŸ˜…
"Won a free month of streaming!",ğŸ“ºğŸ«ğŸ¿
"Spilled ink on my favorite jeans.",ğŸ–‹ï¸ğŸ‘–ğŸ˜«
"First time horseback ridingâ€”loved it!",ğŸğŸ¤ â¤ï¸
"Lost my sunglasses at the pool.",ğŸ•¶ï¸ğŸŠâ€â™€ï¸ğŸ˜¤
"Got a surprise bonus at work!",ğŸ’°ğŸ’¼ğŸŠ
"Forgot my dadâ€™s birthday... again.",ğŸ‚ğŸ“…ğŸ˜¬
"Found a hidden compartment in my old desk.",ğŸ—„ï¸ğŸ”ğŸ˜®
"Burned my hand on the oven door.",ğŸ‘‹ğŸ”¥ğŸ˜«
"Woke up late and missed my flight.",â°âœˆï¸ğŸ˜¤
"Toddler hid the TV remote in the pantry.",ğŸ“ºğŸ“¦ğŸ˜†
"Got a perfect sunrise photo.",ğŸŒ…ğŸ“¸ğŸ˜
"Left my umbrella in the Uber.",â˜”ğŸš–ğŸ˜©
"Found a rare book at the thrift store.",ğŸ“–ğŸºâœ¨
"Broke a nail opening a package.",ğŸ’…ğŸ“¦ğŸ˜«
"First time canoeingâ€”so peaceful!",ğŸ›¶ğŸŒŠğŸ˜Œ
"Lost my luggage tag at the airport.",ğŸ§³ğŸ·ï¸ğŸ˜«
"Got a free room upgrade on vacation!",ğŸ¨âœ¨ğŸ‰
"Forgot the words during my speech.",ğŸ¤ğŸ¤ğŸ˜³
"Found my missing earring in the sink.",ğŸ’ğŸš°ğŸ˜…
"Burned my tongue on hot tea... again.",ğŸµğŸ‘…ğŸ˜«
"Won a weekend getaway to the mountains!",â›°ï¸ğŸ«âœ¨
"Spilled nail polish remover on the table.",ğŸ’…ğŸŸ¥ğŸ˜±
"First time boulderingâ€”so hard!",ğŸ§—â€â™€ï¸â›°ï¸ğŸ˜…
"Lost my favorite ring at the beach.",ğŸ’ğŸ–ï¸ğŸ˜¤
"Got a handwritten note from my crush.",âœ‰ï¸ğŸ“ğŸ¥°
"Forgot to charge my phone overnight.",ğŸ“±ğŸ”‹ğŸ˜©
"Found a $20 bill in my jeans pocket.",ğŸ‘–ğŸ’°ğŸ˜Š
"Broke my glasses during the movie.",ğŸ‘“ğŸ’”ğŸ˜«
"Woke up to my cat knocking over a vase.",ğŸ±ğŸºğŸ˜…
"Toddler put my keys in the mailbox.",ğŸ”‘ğŸ“ªğŸ˜†
"Got a free dessert for my birthday.",ğŸ°ğŸ‰ğŸ¥³
"Left my jacket at the park.",ğŸ§£ğŸŒ³ğŸ˜©
"Found my old Polaroid cameraâ€”still works!",ğŸ“¸ğŸ‘µğŸ¥¹
"Burned the toast... again.",ğŸğŸ”¥ğŸ˜…
"Won a free yoga class pass!",ğŸ§˜â€â™€ï¸ğŸ«âœ¨
"Spilled coffee on my white pants.",â˜•ğŸ‘–ğŸ˜±
"First time kite surfingâ€”epic!",ğŸ„â€â™€ï¸ğŸªğŸ˜ƒ
"Lost my favorite scrunchie at the gym.",ğŸ’‡â€â™€ï¸ğŸ‹ï¸â€â™€ï¸ğŸ˜¤
"Got a surprise gift from my boss.",ğŸğŸ’¼ğŸ¥°
"Forgot to feed the cat... guilt trip.",ğŸ±ğŸ½ï¸ğŸ˜¬
"Found a rare stamp in my grandpaâ€™s album.",ğŸ“¬ğŸ·ï¸âœ¨
"Broke a heel before the interview.",ğŸ‘ ğŸ’”ğŸ˜«
"Woke up to a squirrel in my kitchen.",ğŸ¿ï¸ğŸ ğŸ˜³
"Toddler fed my sandwich to the dog.",ğŸ¥ªğŸ•ğŸ˜†
"Got a free drink at the bar!",ğŸ¹ğŸ‰ğŸ˜Š
"Left my hat at the restaurant.",ğŸ§¢ğŸ½ï¸ğŸ˜©
"Found my old baseball cardsâ€”worth $$$!",âš¾ğŸƒğŸ’°
"Burned my finger on the stove.",ğŸ‘‹ğŸ”¥ğŸ˜«
"Won a free spa day for two!",ğŸ’†â€â™€ï¸ğŸ«âœ¨
"Spilled soy sauce on my shirt.",ğŸ¶ğŸ‘”ğŸ˜…
"First time zip-liningâ€”terrifying but fun!",ğŸª‚ğŸŒ²ğŸ˜±
"Lost my favorite pen during the meeting.",ğŸ–Šï¸ğŸ“ğŸ˜¤
"Got a handwritten letter from my grandma.",âœ‰ï¸ğŸ‘µğŸ¥¹
"Forgot my water bottle at yoga.",ğŸ’§ğŸ§˜â€â™€ï¸ğŸ˜«
"Found a $10 gift card in my wallet.",ğŸ’³ğŸ’°ğŸ˜Š
"Broke a shoelace during my run.",ğŸ‘ŸğŸ’”ğŸ˜«
"Woke up to my dog howling at the moon.",ğŸ•ğŸŒ•ğŸ˜…
"Toddler put my watch in the cereal.",âŒšğŸ¥£ğŸ˜†
"Got a free coffee for no reason!",â˜•ğŸ‰ğŸ˜Š
"Left my gloves at the bus stop.",ğŸ§¤ğŸšğŸ˜©
"Found my old Tamagotchiâ€”still alive!",ğŸ®ğŸ‘¾ğŸ˜
"Burned the garlic bread... again.",ğŸğŸ”¥ğŸ˜…
"Won a free dinner for two at a fancy restaurant!",ğŸ½ï¸ğŸ«ğŸ¥‚
"Spilled foundation on my dress.",ğŸ’„ğŸ‘—ğŸ˜¤
"First time surfingâ€”wiped out hard!",ğŸ„â€â™€ï¸ğŸŒŠğŸ¤•
"Lost my hotel key in the ocean.",ğŸŠâ€â™€ï¸ğŸ”‘ğŸ˜«
"Got a last-minute ticket to the game!",ğŸŸï¸ğŸˆğŸ‰
"Forgot my sunscreen... lobster red.",â˜€ï¸ğŸ¦ğŸ˜«
"Found a hidden note in a library book.",ğŸ“–âœ‰ï¸ğŸ˜®
"Broke a plate while washing dishes.",ğŸ½ï¸ğŸ’”ğŸ˜…
"Woke up to a bird in my kitchen.",ğŸ¦ğŸ ğŸ˜³
"Toddler fed my phone to the goldfish.",ğŸ“±ğŸ ğŸ˜†
"Got a free dessert for being a regular.",ğŸ°ğŸ‰ğŸ˜‹
"Left my headphones at the gym.",ğŸ§ğŸ‹ï¸â€â™€ï¸ğŸ˜¤
"Found my old PokÃ©mon cardsâ€”jackpot!",ğŸƒğŸ’°ğŸ˜
"Burned my finger on the iron.",ğŸ‘‹ğŸ”¥ğŸ˜«
"Won a raffle for a free massage!",ğŸ’†â€â™€ï¸ğŸ«âœ¨
"Spilled juice on my keyboard.",ğŸ§ƒâŒ¨ï¸ğŸ˜±
"First time rock climbingâ€”so sore!",ğŸ§—â€â™€ï¸â›°ï¸ğŸ˜…
"Lost my favorite bracelet at the club.",ğŸ“¿ğŸ¶ğŸ˜¤
"Got a handwritten apology from my sibling.",âœ‰ï¸ğŸ“ğŸ¥¹
"Forgot my wallet at the bar.",ğŸ‘›ğŸ»ğŸ˜©
"Found a $50 bill in my winter boots.",ğŸ‘¢ğŸ’°ğŸ˜Š
"Broke a wine glass during the toast.",ğŸ·ğŸ’”ğŸ˜…
"Woke up to my cat bringing me a â€˜presentâ€™.",ğŸ±ğŸğŸ˜³
"Toddler drew on the walls with crayon.",ğŸ‘¶ğŸ–ï¸ğŸ˜†
"Got a free upgrade on my flight!",âœˆï¸âœ¨ğŸŠ
"Left my jacket at the movie theater.",ğŸ§¥ğŸ¬ğŸ˜©
"Found my old high school love letters.",ğŸ’ŒğŸ“šğŸ¥¹
"Burned the grilled cheese... again.",ğŸ§€ğŸ”¥ğŸ˜…
"Won a free weekend getaway!",ğŸï¸ğŸ«âœ¨
"Spilled boba tea on my laptop.",ğŸ§‹ğŸ’»ğŸ˜±
"First time paraglidingâ€”unreal views!",ğŸª‚ğŸŒ„ğŸ˜
"Lost my luggage at the airport.",âœˆï¸ğŸ§³ğŸ˜¤
"Got a surprise day offâ€”sleeping in!",ğŸ’¼ğŸ‰ğŸ˜´
"Forgot my momâ€™s birthday... again.",ğŸ‚ğŸ“…ğŸ˜¬
"Found a vintage camera at a yard sale.",ğŸ“·ğŸºâœ¨
"Broke a nail opening a soda.",ğŸ’…ğŸ¥¤ğŸ˜«
"Woke up to a blackout in the neighborhood.",âš¡ğŸ ğŸ˜©
"Toddler put my phone in the fish tank.",ğŸ“±ğŸ ğŸ˜†
"Got a free rental car upgrade!",ğŸš—âœ¨ğŸ‰
"Left my lunch in the office fridgeâ€”gone.",ğŸ±ğŸ‘€ğŸ˜¡
"Found my childhood stuffed bunny.",ğŸ§¸ğŸ ğŸ¥¹
"Burned the popcorn... again.",ğŸ¿ğŸ”¥ğŸ˜…
"Won a free pizza for a month!",ğŸ•ğŸ«ğŸ˜‹
"Spilled ketchup on my new jeans.",ğŸ…ğŸ‘–ğŸ˜«
"First time snorkelingâ€”saw a shark!",ğŸ¤¿ğŸ¦ˆğŸ˜±
"Lost my earring in the ocean.",ğŸ’ğŸŒŠğŸ˜¤
"Got a handwritten thank-you note from my boss.",âœ‰ï¸ğŸ’¼ğŸ¥¹
"Forgot my wallet at the coffee shop.",ğŸ‘›â˜•ğŸ˜©
"Found a $20 bill in the parking lot.",ğŸ’°ğŸš—ğŸ˜Š
"Broke a wine glass during dinner.",ğŸ·ğŸ’”ğŸ˜…
"Woke up to my dog hogging the bed.",ğŸ•ğŸ›ï¸ğŸ˜Š
"Toddler hid my keys in the toy chest.",ğŸ”‘ğŸ§¸ğŸ˜†
"Got a free dessert for my anniversary.",ğŸ°ğŸ‰â¤ï¸
"Left my umbrella at the cafÃ©.",â˜”ğŸ½ï¸ğŸ˜«
"Found my old yearbookâ€”so nostalgic!",ğŸ“–ğŸ«ğŸ¥¹
"Burned the cookies... again.",ğŸªğŸ”¥ğŸ˜…
"Won a free spa weekend!",ğŸ’†â€â™€ï¸ğŸ«âœ¨
"Spilled coffee on my keyboard.",â˜•âŒ¨ï¸ğŸ˜±
"First time paddleboardingâ€”so fun!",ğŸ„â€â™€ï¸ğŸŒŠğŸ˜ƒ
"Lost my favorite hat at the beach.",ğŸ§¢ğŸ–ï¸ğŸ˜¤
"Got a surprise gift from a friend.",ğŸğŸ‘¯â€â™€ï¸ğŸ¥°
"Forgot to water my plants... again.",ğŸŒ±ğŸ’§ğŸ˜¬
"Found a rare coin in my change.",ğŸª™ğŸ’°ğŸ˜Š
"Broke a shoelace before my run.",ğŸ‘ŸğŸ’”ğŸ˜«
"Woke up to a flat bike tire.",ğŸš²ğŸ’¥ğŸ˜¤
"Toddler put my socks in the toaster.",ğŸ§¦ğŸğŸ˜†
"Got a free appetizer at the restaurant.",ğŸ½ï¸ğŸ‰ğŸ˜‹
"Left my scarf on the bus.",ğŸ§£ğŸšŒğŸ˜©
"Found my old mixtapesâ€”blast from the past!",ğŸ“¼ğŸ¶ğŸ¥¹
"Burned the garlic... again.",ğŸ§„ğŸ”¥ğŸ˜…
"Won a free gym membership!",ğŸ‹ï¸â€â™€ï¸ğŸ«âœ¨
"Spilled juice on my laptop.",ğŸ§ƒğŸ’»ğŸ˜±
"First time jet-skiingâ€”so fast!",ğŸ›¥ï¸ğŸŒŠğŸ˜ƒ
"Lost my bracelet at the park.",ğŸ“¿ğŸŒ³ğŸ˜¤
"Got a handwritten thank-you card.",âœ‰ï¸ğŸ“ğŸ¥°
"Forgot my lunch at home... again.",ğŸ±ğŸ ğŸ˜«
"Found a $100 bill in an old book.",ğŸ’°ğŸ“–ğŸ‰
"Broke a plate while unloading dishes.",ğŸ½ï¸ğŸ’”ğŸ˜…
"Woke up to my cat meowing for breakfast.",ğŸ±ğŸ½ï¸ğŸ˜¾
"Toddler hid my phone under the couch.",ğŸ“±ğŸ›‹ï¸ğŸ˜†
"Got a free flight upgrade!",âœˆï¸âœ¨ğŸŠ
"Left my gloves at the cafÃ©.",ğŸ§¤â˜•ğŸ˜©
"Found my old skateboardâ€”still rides!",ğŸ›¹ğŸ ğŸ˜Š
"Burned the toast... again.",ğŸğŸ”¥ğŸ˜…
"Won a free dinner cruise!",ğŸš¢ğŸ½ï¸ğŸ‰
"Spilled wine on the white rug.",ğŸ·ğŸŸ¥ğŸ˜±
"First time snowboardingâ€”so many falls!",ğŸ‚â„ï¸ğŸ¤•
"Lost my favorite lip balm.",ğŸ’„ğŸ˜¤ğŸ‘„
"Got a surprise party for my promotion!",ğŸ‰ğŸ’¼ğŸ¥³
"Forgot my sisterâ€™s graduation.",ğŸ“ğŸ“…ğŸ˜¬
"Found a vintage necklace at a flea market.",ğŸ“¿ğŸºâœ¨
"Broke a heel at the wedding.",ğŸ‘ ğŸ’”ğŸ˜«
"Woke up to a bird pooping on my car.",ğŸ¦ğŸš—ğŸ˜ 
"Toddler put my credit card in the DVD player.",ğŸ’³ğŸ“€ğŸ˜†
"Got a free dessert just because!",ğŸ°ğŸ‰ğŸ˜‹
"Left my jacket at the concert.",ğŸ§¥ğŸ¤ğŸ˜©
"Found my old Game Boyâ€”still works!",ğŸ®ğŸ‘¾ğŸ˜
"Burned the pancakes... again.",ğŸ¥ğŸ”¥ğŸ˜…
"Won a free hotel stay!",ğŸ¨ğŸ«âœ¨
"Spilled soda on my laptop.",ğŸ¥¤ğŸ’»ğŸ˜±
"First time parasailingâ€”breathtaking!",ğŸª‚ğŸŒŠğŸ˜
"Lost my wallet at the mall.",ğŸ‘›ğŸ¬ğŸ˜¤
"Got a handwritten letter from my pen pal.",âœ‰ï¸ğŸ“ğŸ¥¹
"Forgot my headphones at the gym.",ğŸ§ğŸ‹ï¸â€â™€ï¸ğŸ˜«
"Found a $50 bill in my winter coat.",ğŸ§¥ğŸ’°ğŸ˜Š
"Broke a wine glass during the party.",ğŸ·ğŸ’”ğŸ˜…
"Woke up to my dog licking my face.",ğŸ•ğŸ‘…ğŸ˜Š
"Toddler hid my shoes in the garden.",ğŸ‘ŸğŸŒ±ğŸ˜†
"Got a free coffee for being a regular.",â˜•ğŸ‰ğŸ˜Š
"Left my scarf on the train.",ğŸ§£ğŸš†ğŸ˜©
"Found my old comic book collection.",ğŸ“šğŸ¦¸â€â™‚ï¸ğŸ¥¹
"Burned the garlic bread... again.",ğŸğŸ”¥ğŸ˜…
"Won a free month of streaming!",ğŸ“ºğŸ«ğŸ¿
"Spilled ink on my favorite jeans.",ğŸ–‹ï¸ğŸ‘–ğŸ˜«
"First time horseback ridingâ€”loved it!",ğŸğŸ¤ â¤ï¸
"Lost my sunglasses at the pool.",ğŸ•¶ï¸ğŸŠâ€â™€ï¸ğŸ˜¤
"Got a surprise bonus at work!",ğŸ’°ğŸ’¼ğŸŠ
"Forgot my dadâ€™s birthday... again.",ğŸ‚ğŸ“…ğŸ˜¬
"Found a hidden compartment in my old desk.",ğŸ—„ï¸ğŸ”ğŸ˜®
"Burned my hand on the oven door.",ğŸ‘‹ğŸ”¥ğŸ˜«
"Woke up late and missed my flight.",â°âœˆï¸ğŸ˜¤
"Toddler hid the TV remote in the pantry.",ğŸ“ºğŸ“¦ğŸ˜†
"Got a perfect sunrise photo.",ğŸŒ…ğŸ“¸ğŸ˜
"Left my umbrella in the Uber.",â˜”ğŸš–ğŸ˜©
"Found a rare book at the thrift store.",ğŸ“–ğŸºâœ¨
"Broke a nail opening a package.",ğŸ’…ğŸ“¦ğŸ˜«
"First time canoeingâ€”so peaceful!",ğŸ›¶ğŸŒŠğŸ˜Œ
"Lost my luggage tag at the airport.",ğŸ§³ğŸ·ï¸ğŸ˜«
"Got a free room upgrade on vacation!",ğŸ¨âœ¨ğŸ‰
"Forgot the words during my speech.",ğŸ¤ğŸ¤ğŸ˜³
"Found my missing earring in the sink.",ğŸ’ğŸš°ğŸ˜…
"Burned my tongue on hot tea... again.",ğŸµğŸ‘…ğŸ˜«
"Won a weekend getaway to the mountains!",â›°ï¸ğŸ«âœ¨
"Spilled nail polish remover on the table.",ğŸ’…ğŸŸ¥ğŸ˜±
"First time boulderingâ€”so hard!",ğŸ§—â€â™€ï¸â›°ï¸ğŸ˜…
"Lost my favorite ring at the beach.",ğŸ’ğŸ–ï¸ğŸ˜¤
"Got a handwritten note from my crush.",âœ‰ï¸ğŸ“ğŸ¥°
"Forgot to charge my phone overnight.",ğŸ“±ğŸ”‹ğŸ˜©
"Found a $20 bill in my jeans pocket.",ğŸ‘–ğŸ’°ğŸ˜Š
"Broke my glasses during the movie.",ğŸ‘“ğŸ’”ğŸ˜«
"Woke up to my cat knocking over a vase.",ğŸ±ğŸºğŸ˜…
"Toddler put my keys in the mailbox.",ğŸ”‘ğŸ“ªğŸ˜†
"Got a free dessert for my birthday.",ğŸ°ğŸ‰ğŸ¥³
"Left my jacket at the park.",ğŸ§£ğŸŒ³ğŸ˜©
"Found my old Polaroid cameraâ€”still works!",ğŸ“¸ğŸ‘µğŸ¥¹
"Burned the toast... again.",ğŸğŸ”¥ğŸ˜…
"Won a free yoga class pass!",ğŸ§˜â€â™€ï¸ğŸ«âœ¨
"Spilled coffee on my white pants.",â˜•ğŸ‘–ğŸ˜±
"First time kite surfingâ€”epic!",ğŸ„â€â™€ï¸ğŸªğŸ˜ƒ
"Lost my favorite scrunchie at the gym.",ğŸ’‡â€â™€ï¸ğŸ‹ï¸â€â™€ï¸ğŸ˜¤
"Got a surprise gift from my boss.",ğŸğŸ’¼ğŸ¥°
"Forgot to feed the cat... guilt trip.",ğŸ±ğŸ½ï¸ğŸ˜¬
"Found a rare stamp in my grandpaâ€™s album.",ğŸ“¬ğŸ·ï¸âœ¨
"Broke a heel before the interview.",ğŸ‘ ğŸ’”ğŸ˜«
"Woke up to a squirrel in my kitchen.",ğŸ¿ï¸ğŸ ğŸ˜³
"Toddler fed my sandwich to the dog.",ğŸ¥ªğŸ•ğŸ˜†
"Got a free drink at the bar!",ğŸ¹ğŸ‰ğŸ˜Š
"Left my hat at the restaurant.",ğŸ§¢ğŸ½ï¸ğŸ˜©
"Found my old baseball cardsâ€”worth $$$!",âš¾ğŸƒğŸ’°